,Performance Metric,Seconds
0,Loading Time,45.89811730384827
1,Inference Time,0.03348350524902344
2,Input-Output Time,0.18000221252441406
